1,linear,100,87700,17367,2026-07-31T10:52:52.885902100
2,linear,100,3200,17367,2026-07-31T10:52:52.902592300
3,linear,100,4300,17367,2026-07-31T10:52:52.904592
4,binary,100,30968000,17367,2026-07-31T10:52:52.958757700
5,binary,100,65700,17367,2026-07-31T10:52:52.959750400
6,binary,100,48600,17367,2026-07-31T10:52:52.961748700
7,selection,100,196900,17367,2026-07-31T10:52:52.962750700
8,selection,100,155600,17367,2026-07-31T10:52:52.962750700
9,selection,100,161100,17367,2026-07-31T10:52:52.963752900
10,insertion,100,151800,17367,2026-07-31T10:52:52.964751700
11,insertion,100,83200,17367,2026-07-31T10:52:52.965752200
12,insertion,100,112800,17367,2026-07-31T10:52:52.965752200
13,merge,100,106500,17367,2026-07-31T10:52:52.969751800
14,merge,100,91900,17367,2026-07-31T10:52:52.970753
15,merge,100,28800,17367,2026-07-31T10:52:52.972753300
16,quick,100,68800,17367,2026-07-31T10:52:52.973749600
17,quick,100,72100,17367,2026-07-31T10:52:52.973749600
18,quick,100,63400,17367,2026-07-31T10:52:52.974749100
19,linear,500,7900,17367,2026-07-31T10:52:52.976754600
20,linear,500,7800,17367,2026-07-31T10:52:52.977749800
21,linear,500,7300,17367,2026-07-31T10:52:52.977749800
22,binary,500,340500,17367,2026-07-31T10:52:52.979752700
23,binary,500,249700,17367,2026-07-31T10:52:52.980748300
24,binary,500,307200,17367,2026-07-31T10:52:52.981749700
25,selection,500,3620500,17367,2026-07-31T10:52:52.986754600
26,selection,500,2760600,17367,2026-07-31T10:52:52.990753500
27,selection,500,667900,17367,2026-07-31T10:52:52.993752200
28,insertion,500,2525200,17367,2026-07-31T10:52:52.997758300
29,insertion,500,1818700,17367,2026-07-31T10:52:52.999761
30,insertion,500,324400,17367,2026-07-31T10:52:53.001752700
31,merge,500,92000,17367,2026-07-31T10:52:53.002750600
32,merge,500,111200,17367,2026-07-31T10:52:53.003750200
33,merge,500,85900,17367,2026-07-31T10:52:53.003750200
34,quick,500,86000,17367,2026-07-31T10:52:53.004750200
35,quick,500,56200,17367,2026-07-31T10:52:53.005755400
36,quick,500,65000,17367,2026-07-31T10:52:53.006751100
37,linear,1000,10200,17367,2026-07-31T10:52:53.007751100
38,linear,1000,10600,17367,2026-07-31T10:52:53.008750500
39,linear,1000,17200,17367,2026-07-31T10:52:53.009750
40,binary,1000,662800,17367,2026-07-31T10:52:53.010748700
41,binary,1000,605300,17367,2026-07-31T10:52:53.011747800
42,binary,1000,273100,17367,2026-07-31T10:52:53.012748900
43,selection,1000,1627400,17367,2026-07-31T10:52:53.015747300
44,selection,1000,642600,17367,2026-07-31T10:52:53.016748300
45,selection,1000,611400,17367,2026-07-31T10:52:53.018748500
46,insertion,1000,397100,17367,2026-07-31T10:52:53.019748700
47,insertion,1000,437900,17367,2026-07-31T10:52:53.020748700
48,insertion,1000,795100,17367,2026-07-31T10:52:53.021750100
49,merge,1000,203000,17367,2026-07-31T10:52:53.023748400
50,merge,1000,195300,17367,2026-07-31T10:52:53.024748200
51,merge,1000,234100,17367,2026-07-31T10:52:53.025764300
52,quick,1000,189400,17367,2026-07-31T10:52:53.026752700
53,quick,1000,128200,17367,2026-07-31T10:52:53.027762900
54,quick,1000,156500,17367,2026-07-31T10:52:53.028751600
55,linear,5000,74100,17367,2026-07-31T10:52:53.029750700
56,linear,5000,70100,17367,2026-07-31T10:52:53.030753600
57,linear,5000,60400,17367,2026-07-31T10:52:53.031754400
58,binary,5000,2571000,17408,2026-07-31T10:52:53.035758400
59,binary,5000,995600,17427,2026-07-31T10:52:53.038749400
60,binary,5000,574800,17447,2026-07-31T10:52:53.039751900
61,selection,5000,16455200,17466,2026-07-31T10:52:53.058757800
62,selection,5000,11828900,17486,2026-07-31T10:52:53.071745100
63,selection,5000,16891900,17505,2026-07-31T10:52:53.089746
64,insertion,5000,8534000,18016,2026-07-31T10:52:53.099749300
65,insertion,5000,2604900,18016,2026-07-31T10:52:53.102746300
66,insertion,5000,2001500,18016,2026-07-31T10:52:53.105746200
67,merge,5000,551900,18016,2026-07-31T10:52:53.107748600
68,merge,5000,1168700,18016,2026-07-31T10:52:53.109747500
69,merge,5000,619000,18016,2026-07-31T10:52:53.110747500
70,quick,5000,493600,18016,2026-07-31T10:52:53.112747500
71,quick,5000,546900,18016,2026-07-31T10:52:53.113746700
72,quick,5000,668600,18016,2026-07-31T10:52:53.115750800
73,linear,10000,42700,18016,2026-07-31T10:52:53.116749300
74,linear,10000,22300,18016,2026-07-31T10:52:53.117753200
75,linear,10000,17000,18016,2026-07-31T10:52:53.118750200
76,binary,10000,2272000,18016,2026-07-31T10:52:53.121749200
77,binary,10000,1223500,18016,2026-07-31T10:52:53.123751400
78,binary,10000,1598600,18016,2026-07-31T10:52:53.126752
79,selection,10000,67385800,18432,2026-07-31T10:52:53.195751
80,selection,10000,28976700,18432,2026-07-31T10:52:53.225752200
81,selection,10000,24246600,18432,2026-07-31T10:52:53.251750100
82,insertion,10000,9155600,18432,2026-07-31T10:52:53.261747600
83,insertion,10000,12234400,18432,2026-07-31T10:52:53.275749700
84,insertion,10000,11465200,18432,2026-07-31T10:52:53.289745900
85,merge,10000,1589300,18432,2026-07-31T10:52:53.292750100
86,merge,10000,1410500,18432,2026-07-31T10:52:53.294750800
87,merge,10000,1673900,18510,2026-07-31T10:52:53.297744700
88,quick,10000,1087400,18549,2026-07-31T10:52:53.302752800
89,quick,10000,1050800,19061,2026-07-31T10:52:53.304749
90,quick,10000,898400,19061,2026-07-31T10:52:53.305745900
91,linear,100,3026300,13834,2026-07-31T11:20:06.888153300
92,linear,100,4100,13834,2026-07-31T11:20:06.926148600
93,linear,100,4000,13834,2026-07-31T11:20:06.927150300
94,binary,100,3084900,13834,2026-07-31T11:20:06.933145800
95,binary,100,54400,13834,2026-07-31T11:20:06.934146700
96,binary,100,55300,13834,2026-07-31T11:20:06.936144700
97,selection,100,220900,13834,2026-07-31T11:20:06.937147500
98,selection,100,179100,13834,2026-07-31T11:20:06.938149
99,selection,100,209700,13834,2026-07-31T11:20:06.940147400
100,insertion,100,128600,13834,2026-07-31T11:20:06.941144800
101,insertion,100,82800,13834,2026-07-31T11:20:06.943146200
102,insertion,100,126800,13834,2026-07-31T11:20:06.944147200
103,merge,100,87800,13834,2026-07-31T11:20:06.945149100
104,merge,100,98500,13834,2026-07-31T11:20:06.946148300
105,merge,100,43600,13834,2026-07-31T11:20:06.947150700
106,quick,100,52600,13834,2026-07-31T11:20:06.948147300
107,quick,100,54400,13834,2026-07-31T11:20:06.948147300
108,quick,100,87400,13834,2026-07-31T11:20:06.950146
109,linear,500,8200,13834,2026-07-31T11:20:06.951150300
110,linear,500,8700,13834,2026-07-31T11:20:06.951150300
111,linear,500,8600,13834,2026-07-31T11:20:06.952144900
112,binary,500,299800,13834,2026-07-31T11:20:06.953144500
113,binary,500,318100,13834,2026-07-31T11:20:06.955148200
114,binary,500,374300,13834,2026-07-31T11:20:06.956147100
115,selection,500,2369300,13834,2026-07-31T11:20:06.960144200
116,selection,500,511100,13834,2026-07-31T11:20:06.961145600
117,selection,500,530500,13834,2026-07-31T11:20:06.963147700
118,insertion,500,2463200,13834,2026-07-31T11:20:06.966161400
119,insertion,500,295300,13834,2026-07-31T11:20:06.968153100
120,insertion,500,262400,13834,2026-07-31T11:20:06.968153100
121,merge,500,89400,13834,2026-07-31T11:20:06.970148500
122,merge,500,94300,14328,2026-07-31T11:20:06.971152800
123,merge,500,112700,14328,2026-07-31T11:20:06.972149200
124,quick,500,96000,14328,2026-07-31T11:20:06.973147400
125,quick,500,67000,14328,2026-07-31T11:20:06.974146100
126,quick,500,71600,14328,2026-07-31T11:20:06.975147
127,linear,1000,12600,14328,2026-07-31T11:20:06.976154400
128,linear,1000,17000,14328,2026-07-31T11:20:06.977150500
129,linear,1000,19700,14328,2026-07-31T11:20:06.979145400
130,binary,1000,420900,14328,2026-07-31T11:20:06.980145400
131,binary,1000,665000,14328,2026-07-31T11:20:06.981146300
132,binary,1000,326200,14328,2026-07-31T11:20:06.983146900
133,selection,1000,856600,14328,2026-07-31T11:20:06.984146300
134,selection,1000,784200,14328,2026-07-31T11:20:06.986148500
135,selection,1000,899200,14328,2026-07-31T11:20:06.988149400
136,insertion,1000,463500,14328,2026-07-31T11:20:06.989145900
137,insertion,1000,529100,14328,2026-07-31T11:20:06.991149500
138,insertion,1000,597400,14328,2026-07-31T11:20:06.992146200
139,merge,1000,163500,14328,2026-07-31T11:20:06.994144500
140,merge,1000,131700,14328,2026-07-31T11:20:06.994144500
141,merge,1000,142500,14328,2026-07-31T11:20:06.996144300
142,quick,1000,213800,14328,2026-07-31T11:20:06.997144600
143,quick,1000,255900,14328,2026-07-31T11:20:06.998150100
144,quick,1000,229200,14328,2026-07-31T11:20:06.999147600
145,linear,5000,59400,14328,2026-07-31T11:20:07.001144700
146,linear,5000,70600,14328,2026-07-31T11:20:07.002146500
147,linear,5000,74600,14328,2026-07-31T11:20:07.004146200
148,binary,5000,2378700,14328,2026-07-31T11:20:07.007148600
149,binary,5000,801900,14328,2026-07-31T11:20:07.010151800
150,binary,5000,699300,14328,2026-07-31T11:20:07.012152600
151,selection,5000,16255000,14328,2026-07-31T11:20:07.030168400
152,selection,5000,16226800,14328,2026-07-31T11:20:07.047145900
153,selection,5000,18137000,14328,2026-07-31T11:20:07.067149400
154,insertion,5000,7180100,14328,2026-07-31T11:20:07.075144700
155,insertion,5000,2884400,14328,2026-07-31T11:20:07.080143200
156,insertion,5000,2623400,14328,2026-07-31T11:20:07.083143800
157,merge,5000,903500,14328,2026-07-31T11:20:07.085145700
158,merge,5000,847600,14328,2026-07-31T11:20:07.087145800
159,merge,5000,1061500,14367,2026-07-31T11:20:07.089148100
160,quick,5000,647500,14387,2026-07-31T11:20:07.091144800
161,quick,5000,725700,14406,2026-07-31T11:20:07.093149600
162,quick,5000,666300,14426,2026-07-31T11:20:07.095147800
163,linear,10000,68900,14465,2026-07-31T11:20:07.096150400
164,linear,10000,25900,14977,2026-07-31T11:20:07.098147600
165,linear,10000,24000,14977,2026-07-31T11:20:07.099148800
166,binary,10000,2097400,14977,2026-07-31T11:20:07.102145800
167,binary,10000,1990700,14984,2026-07-31T11:20:07.106145900
168,binary,10000,2041900,14984,2026-07-31T11:20:07.109146500
169,selection,10000,30745700,14984,2026-07-31T11:20:07.141149
170,selection,10000,34660700,14984,2026-07-31T11:20:07.177150200
171,selection,10000,35002600,14984,2026-07-31T11:20:07.213143
172,insertion,10000,24907300,14984,2026-07-31T11:20:07.240148400
173,insertion,10000,18413900,14984,2026-07-31T11:20:07.260146800
174,insertion,10000,15281800,14984,2026-07-31T11:20:07.278147900
175,merge,10000,1695000,15023,2026-07-31T11:20:07.282143600
176,merge,10000,1660400,15102,2026-07-31T11:20:07.284143500
177,merge,10000,1708600,15180,2026-07-31T11:20:07.287142500
178,quick,10000,1286300,15219,2026-07-31T11:20:07.289147400
179,quick,10000,1314900,15258,2026-07-31T11:20:07.292149500
180,quick,10000,1274400,15360,2026-07-31T11:20:07.295148700
181,linear,100,1931600,13870,2026-07-31T11:32:38.930380800
182,linear,100,3500,13870,2026-07-31T11:32:38.940377700
183,linear,100,3300,13870,2026-07-31T11:32:38.942378700
184,binary,100,2818300,13870,2026-07-31T11:32:38.947381200
185,binary,100,71800,13870,2026-07-31T11:32:38.948385900
186,binary,100,49800,13870,2026-07-31T11:32:38.949382
187,selection,100,228000,13870,2026-07-31T11:32:38.951397900
188,selection,100,183900,13870,2026-07-31T11:32:38.952379800
189,selection,100,193300,13870,2026-07-31T11:32:38.953399400
190,insertion,100,127100,13870,2026-07-31T11:32:38.954399100
191,insertion,100,105700,13870,2026-07-31T11:32:38.956384200
192,insertion,100,115500,13870,2026-07-31T11:32:38.957381400
193,merge,100,140800,13870,2026-07-31T11:32:38.958401500
194,merge,100,112100,13870,2026-07-31T11:32:38.960381700
195,merge,100,29100,13870,2026-07-31T11:32:38.961398800
196,quick,100,64900,13870,2026-07-31T11:32:38.963380600
197,quick,100,46000,13870,2026-07-31T11:32:38.964383700
198,quick,100,182400,13870,2026-07-31T11:32:38.966385
199,linear,500,5500,13870,2026-07-31T11:32:38.967384100
200,linear,500,5700,13870,2026-07-31T11:32:38.968037100
201,linear,500,6700,13870,2026-07-31T11:32:38.968672100
202,binary,500,272300,13870,2026-07-31T11:32:38.969692500
203,binary,500,368100,13870,2026-07-31T11:32:38.970690800
204,binary,500,250500,13870,2026-07-31T11:32:38.971694500
205,selection,500,1772600,13870,2026-07-31T11:32:38.974690300
206,selection,500,683500,13870,2026-07-31T11:32:38.976691800
207,selection,500,582100,13870,2026-07-31T11:32:38.977693400
208,insertion,500,2084900,13870,2026-07-31T11:32:38.980688200
209,insertion,500,278500,13870,2026-07-31T11:32:38.981690300
210,insertion,500,259900,13870,2026-07-31T11:32:38.982693
211,merge,500,59400,13870,2026-07-31T11:32:38.983698100
212,merge,500,85600,13870,2026-07-31T11:32:38.984698600
213,merge,500,87700,13870,2026-07-31T11:32:38.985692
214,quick,500,91400,13870,2026-07-31T11:32:38.986693700
215,quick,500,71500,14336,2026-07-31T11:32:38.987695
216,quick,500,71500,14336,2026-07-31T11:32:38.988693100
217,linear,1000,13400,14336,2026-07-31T11:32:38.989692900
218,linear,1000,46200,14336,2026-07-31T11:32:38.990693300
219,linear,1000,13600,14336,2026-07-31T11:32:38.991693700
220,binary,1000,572600,14336,2026-07-31T11:32:38.992692400
221,binary,1000,651100,14336,2026-07-31T11:32:38.994693100
222,binary,1000,307200,14336,2026-07-31T11:32:38.995696100
223,selection,1000,711200,14336,2026-07-31T11:32:38.997692200
224,selection,1000,1179700,14336,2026-07-31T11:32:38.999693400
225,selection,1000,889700,14336,2026-07-31T11:32:39.001691100
226,insertion,1000,508800,14336,2026-07-31T11:32:39.003693700
227,insertion,1000,504800,14336,2026-07-31T11:32:39.004693400
228,insertion,1000,559000,14336,2026-07-31T11:32:39.006694700
229,merge,1000,158700,14336,2026-07-31T11:32:39.007696500
230,merge,1000,193500,14336,2026-07-31T11:32:39.008693
231,merge,1000,161300,14336,2026-07-31T11:32:39.010694
232,quick,1000,193300,14336,2026-07-31T11:32:39.011694100
233,quick,1000,155800,14336,2026-07-31T11:32:39.012692200
234,quick,1000,152400,14336,2026-07-31T11:32:39.013693600
235,linear,5000,75500,14336,2026-07-31T11:32:39.015696700
236,linear,5000,52200,14336,2026-07-31T11:32:39.017693800
237,linear,5000,52100,14336,2026-07-31T11:32:39.018697
238,binary,5000,1846100,14336,2026-07-31T11:32:39.021696400
239,binary,5000,602100,14336,2026-07-31T11:32:39.024699500
240,binary,5000,529300,14336,2026-07-31T11:32:39.025693900
241,selection,5000,14815200,14336,2026-07-31T11:32:39.042691300
242,selection,5000,15093200,14336,2026-07-31T11:32:39.058687400
243,selection,5000,13292000,14336,2026-07-31T11:32:39.072688800
244,insertion,5000,6912000,14336,2026-07-31T11:32:39.080689
245,insertion,5000,2658500,14336,2026-07-31T11:32:39.084690800
246,insertion,5000,2452200,14336,2026-07-31T11:32:39.087689600
247,merge,5000,653100,14336,2026-07-31T11:32:39.089692500
248,merge,5000,710300,14336,2026-07-31T11:32:39.090691400
249,merge,5000,737100,14847,2026-07-31T11:32:39.092699
250,quick,5000,585500,14847,2026-07-31T11:32:39.094693600
251,quick,5000,508800,14847,2026-07-31T11:32:39.095697
252,quick,5000,503700,14847,2026-07-31T11:32:39.097693800
253,linear,10000,118000,14847,2026-07-31T11:32:39.098703300
254,linear,10000,30800,14847,2026-07-31T11:32:39.099698100
255,linear,10000,19400,14847,2026-07-31T11:32:39.100699200
256,binary,10000,1983800,14847,2026-07-31T11:32:39.103693600
257,binary,10000,1870000,15338,2026-07-31T11:32:39.106700400
258,binary,10000,1404400,15338,2026-07-31T11:32:39.109697300
259,selection,10000,29479100,15338,2026-07-31T11:32:39.140696400
260,selection,10000,27221900,15338,2026-07-31T11:32:39.169687800
261,selection,10000,24168000,15338,2026-07-31T11:32:39.195690700
262,insertion,10000,10056100,15377,2026-07-31T11:32:39.206700800
263,insertion,10000,11303500,15416,2026-07-31T11:32:39.219696400
264,insertion,10000,7682700,15455,2026-07-31T11:32:39.227689200
265,merge,10000,1089700,15534,2026-07-31T11:32:39.230695800
266,merge,10000,1189800,15612,2026-07-31T11:32:39.232694800
267,merge,10000,1167600,15690,2026-07-31T11:32:39.234699800
268,quick,10000,1054700,15729,2026-07-31T11:32:39.236696300
269,quick,10000,1004400,15768,2026-07-31T11:32:39.238986700
270,quick,10000,924100,15807,2026-07-31T11:32:39.240837900
271,linear,100,2960700,13993,2026-07-31T14:27:52.597949400
272,linear,100,3300,13993,2026-07-31T14:27:52.624932
273,linear,100,3400,13993,2026-07-31T14:27:52.626934600
274,binary,100,2298900,13993,2026-07-31T14:27:52.629939100
275,binary,100,45800,13993,2026-07-31T14:27:52.631948500
276,binary,100,46500,13993,2026-07-31T14:27:52.632954900
277,selection,100,191900,13993,2026-07-31T14:27:52.634934300
278,selection,100,167400,13993,2026-07-31T14:27:52.635932
279,selection,100,155900,13993,2026-07-31T14:27:52.636932700
280,insertion,100,125400,13993,2026-07-31T14:27:52.637933400
281,insertion,100,82700,13993,2026-07-31T14:27:52.637933400
282,insertion,100,90900,13993,2026-07-31T14:27:52.638932400
283,merge,100,81200,13993,2026-07-31T14:27:52.639933500
284,merge,100,88900,13993,2026-07-31T14:27:52.640932100
285,merge,100,39800,13993,2026-07-31T14:27:52.640932100
286,quick,100,47600,13993,2026-07-31T14:27:52.641937700
287,quick,100,36600,13993,2026-07-31T14:27:52.641937700
288,quick,100,30600,13993,2026-07-31T14:27:52.642935400
289,linear,500,5900,13993,2026-07-31T14:27:52.643941800
290,linear,500,8300,13993,2026-07-31T14:27:52.644934400
291,linear,500,7500,13993,2026-07-31T14:27:52.644934400
292,binary,500,204300,13993,2026-07-31T14:27:52.645938100
293,binary,500,249100,13993,2026-07-31T14:27:52.647934200
294,binary,500,291400,13993,2026-07-31T14:27:52.647934200
295,selection,500,1976900,13993,2026-07-31T14:27:52.650930100
296,selection,500,396200,13993,2026-07-31T14:27:52.651935100
297,selection,500,535700,13993,2026-07-31T14:27:52.653940600
298,insertion,500,2481200,13993,2026-07-31T14:27:52.656929900
299,insertion,500,317300,13993,2026-07-31T14:27:52.658933800
300,insertion,500,287000,13993,2026-07-31T14:27:52.659935
301,merge,500,62900,13993,2026-07-31T14:27:52.659935
302,merge,500,73000,13993,2026-07-31T14:27:52.660936900
303,merge,500,89500,13993,2026-07-31T14:27:52.661935
304,quick,500,68400,13993,2026-07-31T14:27:52.662936900
305,quick,500,76400,13993,2026-07-31T14:27:52.663935100
306,quick,500,59900,13993,2026-07-31T14:27:52.663935100
307,linear,1000,13400,13993,2026-07-31T14:27:52.664936500
308,linear,1000,13300,13993,2026-07-31T14:27:52.665935700
309,linear,1000,13100,13993,2026-07-31T14:27:52.665935700
310,binary,1000,536100,14336,2026-07-31T14:27:52.667932500
311,binary,1000,586300,14336,2026-07-31T14:27:52.668937900
312,binary,1000,265100,14336,2026-07-31T14:27:52.669934300
313,selection,1000,789200,14336,2026-07-31T14:27:52.671932900
314,selection,1000,739900,14336,2026-07-31T14:27:52.672932400
315,selection,1000,752600,14336,2026-07-31T14:27:52.674935600
316,insertion,1000,900100,14336,2026-07-31T14:27:52.676932500
317,insertion,1000,961400,14336,2026-07-31T14:27:52.677934100
318,insertion,1000,938700,14336,2026-07-31T14:27:52.679933500
319,merge,1000,149700,14336,2026-07-31T14:27:52.680934
320,merge,1000,211700,14336,2026-07-31T14:27:52.681936600
321,merge,1000,214200,14336,2026-07-31T14:27:52.682935200
322,quick,1000,200600,14336,2026-07-31T14:27:52.683941200
323,quick,1000,100200,14336,2026-07-31T14:27:52.684944300
324,quick,1000,100400,14336,2026-07-31T14:27:52.685936900
325,linear,5000,63900,14336,2026-07-31T14:27:52.686933500
326,linear,5000,43700,14336,2026-07-31T14:27:52.687937900
327,linear,5000,43400,14336,2026-07-31T14:27:52.688932600
328,binary,5000,1750800,14336,2026-07-31T14:27:52.691930400
329,binary,5000,789800,14336,2026-07-31T14:27:52.693936
330,binary,5000,527400,14336,2026-07-31T14:27:52.695935300
331,selection,5000,14022600,14336,2026-07-31T14:27:52.711938200
332,selection,5000,15548900,14336,2026-07-31T14:27:52.727936300
333,selection,5000,15197800,14336,2026-07-31T14:27:52.744938
334,insertion,5000,12940600,14336,2026-07-31T14:27:52.759940800
335,insertion,5000,6907100,14336,2026-07-31T14:27:52.767929100
336,insertion,5000,3132700,14847,2026-07-31T14:27:52.771934400
337,merge,5000,989000,14847,2026-07-31T14:27:52.773937700
338,merge,5000,641800,14847,2026-07-31T14:27:52.775941
339,merge,5000,797600,14847,2026-07-31T14:27:52.778946900
340,quick,5000,600300,14847,2026-07-31T14:27:52.781942800
341,quick,5000,665800,14847,2026-07-31T14:27:52.783937900
342,quick,5000,526100,14847,2026-07-31T14:27:52.785937100
343,linear,10000,47600,14847,2026-07-31T14:27:52.787934300
344,linear,10000,31400,14847,2026-07-31T14:27:52.788938500
345,linear,10000,19300,14847,2026-07-31T14:27:52.790942
346,binary,10000,2342900,14847,2026-07-31T14:27:52.797945
347,binary,10000,2080800,15338,2026-07-31T14:27:52.800937800
348,binary,10000,1878600,15338,2026-07-31T14:27:52.804945800
349,selection,10000,122768500,15338,2026-07-31T14:27:52.929954200
350,selection,10000,28330300,15377,2026-07-31T14:27:52.960953700
351,selection,10000,26605300,15889,2026-07-31T14:27:52.988934100
352,insertion,10000,14576900,15889,2026-07-31T14:27:53.004931200
353,insertion,10000,12695300,15889,2026-07-31T14:27:53.017938400
354,insertion,10000,11826200,15889,2026-07-31T14:27:53.030930400
355,merge,10000,1580200,15889,2026-07-31T14:27:53.033939200
356,merge,10000,1479000,15889,2026-07-31T14:27:53.036938700
357,merge,10000,1252100,15889,2026-07-31T14:27:53.038934
358,quick,10000,1158900,15889,2026-07-31T14:27:53.041937400
359,quick,10000,1012800,15889,2026-07-31T14:27:53.043941100
360,quick,10000,1037800,15928,2026-07-31T14:27:53.045935
361,linear,100,2150500,13993,2026-07-31T14:29:24.676982500
362,linear,100,3000,13993,2026-07-31T14:29:24.694979
363,linear,100,4000,13993,2026-07-31T14:29:24.695980700
364,binary,100,2418300,13993,2026-07-31T14:29:24.700976
365,binary,100,73300,13993,2026-07-31T14:29:24.701976600
366,binary,100,51100,13993,2026-07-31T14:29:24.703978800
367,selection,100,222900,13993,2026-07-31T14:29:24.704976200
368,selection,100,194100,13993,2026-07-31T14:29:24.705980300
369,selection,100,221800,13993,2026-07-31T14:29:24.707975500
370,insertion,100,147500,13993,2026-07-31T14:29:24.708978300
371,insertion,100,109200,13993,2026-07-31T14:29:24.709978400
372,insertion,100,119000,13993,2026-07-31T14:29:24.710977500
373,merge,100,109900,13993,2026-07-31T14:29:24.711984800
374,merge,100,127600,13993,2026-07-31T14:29:24.712986900
375,merge,100,38200,13993,2026-07-31T14:29:24.713977100
376,quick,100,77300,13993,2026-07-31T14:29:24.714977500
377,quick,100,46000,13993,2026-07-31T14:29:24.714977500
378,quick,100,127400,13993,2026-07-31T14:29:24.715976900
379,linear,500,6900,13993,2026-07-31T14:29:24.716978100
380,linear,500,7100,13993,2026-07-31T14:29:24.717981200
381,linear,500,6700,13993,2026-07-31T14:29:24.718976
382,binary,500,249000,13993,2026-07-31T14:29:24.719977
383,binary,500,246600,13993,2026-07-31T14:29:24.720975400
384,binary,500,302600,13993,2026-07-31T14:29:24.721980800
385,selection,500,2636800,13993,2026-07-31T14:29:24.725991500
386,selection,500,2541300,13993,2026-07-31T14:29:24.729989900
387,selection,500,339200,13993,2026-07-31T14:29:24.732982300
388,insertion,500,2052500,13993,2026-07-31T14:29:24.736982700
389,insertion,500,903300,13993,2026-07-31T14:29:24.739987800
390,insertion,500,285500,13993,2026-07-31T14:29:24.743990800
391,merge,500,98600,13993,2026-07-31T14:29:24.745986800
392,merge,500,93300,13993,2026-07-31T14:29:24.746985
393,merge,500,118700,13993,2026-07-31T14:29:24.748978300
394,quick,500,74800,13993,2026-07-31T14:29:24.749981200
395,quick,500,76000,13993,2026-07-31T14:29:24.750979700
396,quick,500,80400,13993,2026-07-31T14:29:24.751988300
397,linear,1000,13000,13993,2026-07-31T14:29:24.752984700
398,linear,1000,16500,13993,2026-07-31T14:29:24.754980400
399,linear,1000,18700,14336,2026-07-31T14:29:24.755982100
400,binary,1000,697900,14336,2026-07-31T14:29:24.758994
401,binary,1000,650000,14336,2026-07-31T14:29:24.761981900
402,binary,1000,310400,14336,2026-07-31T14:29:24.763980300
403,selection,1000,822700,14336,2026-07-31T14:29:24.765976500
404,selection,1000,813300,14336,2026-07-31T14:29:24.767980200
405,selection,1000,1201900,14336,2026-07-31T14:29:24.769994
406,insertion,1000,597900,14336,2026-07-31T14:29:24.771978300
407,insertion,1000,871400,14336,2026-07-31T14:29:24.773994100
408,insertion,1000,412500,14336,2026-07-31T14:29:24.776981200
409,merge,1000,180200,14336,2026-07-31T14:29:24.779989500
410,merge,1000,173700,14336,2026-07-31T14:29:24.780984900
411,merge,1000,180200,14336,2026-07-31T14:29:24.782977200
412,quick,1000,251700,14336,2026-07-31T14:29:24.783982800
413,quick,1000,146400,14336,2026-07-31T14:29:24.785981600
414,quick,1000,121700,14336,2026-07-31T14:29:24.786978400
415,linear,5000,47700,14336,2026-07-31T14:29:24.787981400
416,linear,5000,62600,14336,2026-07-31T14:29:24.788977300
417,linear,5000,67300,14336,2026-07-31T14:29:24.791984600
418,binary,5000,1968800,14336,2026-07-31T14:29:24.794982500
419,binary,5000,788600,14336,2026-07-31T14:29:24.796987500
420,binary,5000,676300,14336,2026-07-31T14:29:24.798986500
421,selection,5000,17675900,14336,2026-07-31T14:29:24.818977500
422,selection,5000,8179400,14336,2026-07-31T14:29:24.827979
423,selection,5000,7108000,14336,2026-07-31T14:29:24.835975600
424,insertion,5000,3011400,14336,2026-07-31T14:29:24.839978800
425,insertion,5000,2755900,14336,2026-07-31T14:29:24.843974
426,insertion,5000,3510800,14847,2026-07-31T14:29:24.848971800
427,merge,5000,883200,14847,2026-07-31T14:29:24.850972400
428,merge,5000,950800,14847,2026-07-31T14:29:24.852972100
429,merge,5000,937400,14847,2026-07-31T14:29:24.854972600
430,quick,5000,538200,14847,2026-07-31T14:29:24.856977
431,quick,5000,489200,14847,2026-07-31T14:29:24.857973700
432,quick,5000,488800,14847,2026-07-31T14:29:24.859973700
433,linear,10000,46800,14847,2026-07-31T14:29:24.860973900
434,linear,10000,22600,14847,2026-07-31T14:29:24.861973800
435,linear,10000,20700,14847,2026-07-31T14:29:24.862975500
436,binary,10000,1849600,15338,2026-07-31T14:29:24.865978900
437,binary,10000,1801700,15338,2026-07-31T14:29:24.868981700
438,binary,10000,1430000,15338,2026-07-31T14:29:24.871980500
439,selection,10000,30010000,15338,2026-07-31T14:29:24.903981200
440,selection,10000,28532500,15377,2026-07-31T14:29:24.932973700
441,selection,10000,35846100,15889,2026-07-31T14:29:24.969972700
442,insertion,10000,14421200,15889,2026-07-31T14:29:24.985972900
443,insertion,10000,11444300,15889,2026-07-31T14:29:24.998974100
444,insertion,10000,12469800,15889,2026-07-31T14:29:25.012975100
445,merge,10000,1588300,15889,2026-07-31T14:29:25.014975700
446,merge,10000,1774500,15889,2026-07-31T14:29:25.017975100
447,merge,10000,1223900,15889,2026-07-31T14:29:25.019977700
448,quick,10000,1148400,15889,2026-07-31T14:29:25.022974500
449,quick,10000,1140000,15889,2026-07-31T14:29:25.024976700
450,quick,10000,1196900,15928,2026-07-31T14:29:25.027977200
451,linear,100,23200,17367,2026-08-01T19:34:28.315537900
452,linear,100,4800,17367,2026-08-01T19:34:28.358534500
453,linear,100,4400,17367,2026-08-01T19:34:28.359529400
454,binary,100,5114300,17367,2026-08-01T19:34:28.367542800
455,binary,100,82600,17367,2026-08-01T19:34:28.370538300
456,binary,100,104600,17367,2026-08-01T19:34:28.374175
457,selection,100,222700,17367,2026-08-01T19:34:28.376537300
458,selection,100,194400,17367,2026-08-01T19:34:28.377532800
459,selection,100,241000,17367,2026-08-01T19:34:28.378528300
460,insertion,100,195000,17367,2026-08-01T19:34:28.380525700
461,insertion,100,170400,17367,2026-08-01T19:34:28.381525500
462,insertion,100,148900,17367,2026-08-01T19:34:28.382527200
463,merge,100,144700,17367,2026-08-01T19:34:28.383760
464,merge,100,113100,17367,2026-08-01T19:34:28.384532800
465,merge,100,61600,17367,2026-08-01T19:34:28.385532600
466,quick,100,96700,17367,2026-08-01T19:34:28.386531800
467,quick,100,118200,17367,2026-08-01T19:34:28.388530700
468,quick,100,173700,17367,2026-08-01T19:34:28.389530500
469,linear,500,9800,17367,2026-08-01T19:34:28.390528
470,linear,500,10600,17367,2026-08-01T19:34:28.391525500
471,linear,500,12100,17367,2026-08-01T19:34:28.392531900
472,binary,500,501400,17367,2026-08-01T19:34:28.394533900
473,binary,500,376400,17367,2026-08-01T19:34:28.396529400
474,binary,500,439800,17367,2026-08-01T19:34:28.397538100
475,selection,500,4189500,17367,2026-08-01T19:34:28.403530200
476,selection,500,1063600,17367,2026-08-01T19:34:28.407531700
477,selection,500,2008900,17367,2026-08-01T19:34:28.410541400
478,insertion,500,3126600,17367,2026-08-01T19:34:28.415534700
479,insertion,500,621400,17408,2026-08-01T19:34:28.417533200
480,insertion,500,485800,17408,2026-08-01T19:34:28.419528900
481,merge,500,174800,17408,2026-08-01T19:34:28.421534100
482,merge,500,250800,17408,2026-08-01T19:34:28.422529200
483,merge,500,263400,17408,2026-08-01T19:34:28.427534600
484,quick,500,262100,17408,2026-08-01T19:34:28.429561300
485,quick,500,92000,17408,2026-08-01T19:34:28.430530
486,quick,500,140000,17408,2026-08-01T19:34:28.432534500
487,linear,1000,147400,17408,2026-08-01T19:34:28.435526500
488,linear,1000,22800,17899,2026-08-01T19:34:28.438553500
489,linear,1000,24100,17899,2026-08-01T19:34:28.440537700
490,binary,1000,1016400,17899,2026-08-01T19:34:28.443542
491,binary,1000,1053000,17899,2026-08-01T19:34:28.445538100
492,binary,1000,500700,17899,2026-08-01T19:34:28.447532600
493,selection,1000,4182100,17899,2026-08-01T19:34:28.453537
494,selection,1000,4274700,17899,2026-08-01T19:34:28.459530200
495,selection,1000,3266300,17899,2026-08-01T19:34:28.464545100
496,insertion,1000,809600,17899,2026-08-01T19:34:28.467540900
497,insertion,1000,723100,17899,2026-08-01T19:34:28.469541400
498,insertion,1000,809800,17899,2026-08-01T19:34:28.473536200
499,merge,1000,245400,17899,2026-08-01T19:34:28.474529100
500,merge,1000,237100,17899,2026-08-01T19:34:28.476537
501,merge,1000,248900,17899,2026-08-01T19:34:28.477530600
502,quick,1000,206000,17899,2026-08-01T19:34:28.479526400
503,quick,1000,212000,17899,2026-08-01T19:34:28.480526400
504,quick,1000,212100,17899,2026-08-01T19:34:28.481527600
505,linear,5000,83300,17899,2026-08-01T19:34:28.482526100
506,linear,5000,86400,17899,2026-08-01T19:34:28.483529300
507,linear,5000,90100,17899,2026-08-01T19:34:28.485528300
508,binary,5000,2836400,17899,2026-08-01T19:34:28.489533
509,binary,5000,934200,17899,2026-08-01T19:34:28.492529300
510,binary,5000,960600,17899,2026-08-01T19:34:28.494754200
511,selection,5000,83474700,17899,2026-08-01T19:34:28.580553300
512,selection,5000,33890000,17899,2026-08-01T19:34:28.616556900
513,selection,5000,37223200,17899,2026-08-01T19:34:28.656541200
514,insertion,5000,14785900,17899,2026-08-01T19:34:28.674523300
515,insertion,5000,12326600,17899,2026-08-01T19:34:28.688532200
516,insertion,5000,4420300,17899,2026-08-01T19:34:28.693523400
517,merge,5000,1248400,17899,2026-08-01T19:34:28.696527600
518,merge,5000,1152200,17899,2026-08-01T19:34:28.699522800
519,merge,5000,1146100,17899,2026-08-01T19:34:28.701522600
520,quick,5000,1094300,18410,2026-08-01T19:34:28.703830500
521,quick,5000,916200,18410,2026-08-01T19:34:28.706536
522,quick,5000,998700,18410,2026-08-01T19:34:28.708530700
523,linear,10000,74800,18410,2026-08-01T19:34:28.710542300
524,linear,10000,56300,18410,2026-08-01T19:34:28.713579
525,linear,10000,87500,18410,2026-08-01T19:34:28.715537100
526,binary,10000,3215400,18410,2026-08-01T19:34:28.722549300
527,binary,10000,2837500,18410,2026-08-01T19:34:28.727550300
528,binary,10000,1460200,18410,2026-08-01T19:34:28.730528700
529,selection,10000,142351100,18410,2026-08-01T19:34:28.874526700
530,selection,10000,113730200,18410,2026-08-01T19:34:28.989532500
531,selection,10000,64430400,18410,2026-08-01T19:34:29.058511200
532,insertion,10000,21789100,18410,2026-08-01T19:34:29.084496300
533,insertion,10000,22586300,18449,2026-08-01T19:34:29.108500100
534,insertion,10000,21113700,18488,2026-08-01T19:34:29.131514
535,merge,10000,3004200,18566,2026-08-01T19:34:29.136503400
536,merge,10000,2009400,18645,2026-08-01T19:34:29.141497400
537,merge,10000,1842700,18723,2026-08-01T19:34:29.144605300
538,quick,10000,1620500,18762,2026-08-01T19:34:29.147498100
539,quick,10000,1515300,18801,2026-08-01T19:34:29.150496200
540,quick,10000,1779100,18840,2026-08-01T19:34:29.152496200
