9,ECG customer report - Dzorwulu,48,Fallen Conductor,3,2026-08-01T14:23:23.875298200,2026-08-02T03:23:23.875298200,OPEN,
11,ECG customer report - Evandy Hostel,43,Fallen Conductor,4,2026-08-07T06:23:23.875298200,2026-08-07T10:23:23.875298200,OPEN,
12,ECG customer report - Presec Legon,17,Meter Fault,2,2026-08-03T23:23:23.875298200,2026-08-04T07:23:23.875298200,OPEN,
13,ECG customer report - College of Education,47,Fallen Conductor,3,2026-08-04T12:23:23.875298200,2026-08-05T10:23:23.875298200,OPEN,
14,ECG customer report - Pantang,21,Meter Fault,3,2026-08-04T11:23:23.875298200,2026-08-05T03:23:23.875298200,OPEN,
15,ECG customer report - Bush Canteen,34,Meter Fault,3,2026-07-30T22:23:23.875298200,2026-07-31T03:23:23.875298200,OPEN,
17,ECG customer report - University Hospital,11,Transformer Failure,3,2026-08-04T00:23:23.875298200,2026-08-04T11:23:23.875298200,OPEN,
18,ECG customer report - Pantang,19,Cable Burst,2,2026-08-07T08:23:23.875298200,2026-08-07T20:23:23.875298200,OPEN,
19,ECG customer report - Madina Station,24,Fallen Conductor,4,2026-08-08T07:23:23.875298200,2026-08-08T23:23:23.875298200,OPEN,
20,ECG customer report - Adenta,23,Cable Burst,4,2026-08-05T15:23:23.875298200,2026-08-05T22:23:23.875298200,OPEN,
21,ECG customer report - Bush Canteen,43,Cable Burst,4,2026-08-04T08:23:23.875298200,2026-08-04T20:23:23.875298200,OPEN,
22,ECG customer report - Roman Ridge,30,Cable Burst,5,2026-08-06T10:23:23.875298200,2026-08-06T21:23:23.875298200,OPEN,
23,ECG customer report - Abokobi,18,Fallen Conductor,2,2026-08-03T13:23:23.875298200,2026-08-04T14:23:23.875298200,OPEN,
24,ECG customer report - Airport Residential,9,Meter Fault,1,2026-08-06T11:23:23.875298200,2026-08-06T13:23:23.875298200,OPEN,
25,ECG customer report - Great Hall,9,Transformer Failure,3,2026-08-02T22:23:23.875298200,2026-08-03T20:23:23.875298200,OPEN,
26,ECG customer report - School of Law,43,Transformer Failure,3,2026-07-31T22:23:23.875298200,2026-08-01T03:23:23.875298200,OPEN,
27,ECG customer report - Evandy Hostel,8,Cable Burst,1,2026-07-31T17:23:23.875298200,2026-08-01T05:23:23.875298200,OPEN,
28,ECG customer report - Haatso,38,Cable Burst,3,2026-08-08T05:23:23.875298200,2026-08-09T05:23:23.875298200,OPEN,
29,ECG customer report - Pantang,30,Fallen Conductor,2,2026-08-01T18:23:23.876296400,2026-08-02T17:23:23.876296400,OPEN,
30,ECG customer report - Madina Station,9,Cable Burst,3,2026-08-08T15:23:23.876296400,2026-08-09T14:23:23.876296400,OPEN,
31,ECG customer report - Legon Hall,36,Cable Burst,4,2026-08-02T20:23:23.876296400,2026-08-03T08:23:23.876296400,OPEN,
32,ECG customer report - Accra Mall,17,Transformer Failure,3,2026-08-05T05:23:23.876296400,2026-08-05T08:23:23.876296400,OPEN,
33,ECG customer report - West Legon,43,Fallen Conductor,1,2026-08-06T04:23:23.876296400,2026-08-06T13:23:23.876296400,OPEN,
34,ECG customer report - Legon Hall,0,Fallen Conductor,1,2026-08-09T04:23:23.876296400,2026-08-10T00:23:23.876296400,OPEN,
35,ECG customer report - Bush Canteen,44,Transformer Failure,3,2026-08-08T04:23:23.876296400,2026-08-08T17:23:23.876296400,OPEN,
36,ECG customer report - Haatso,6,Meter Fault,1,2026-08-01T04:23:23.876296400,2026-08-01T08:23:23.876296400,OPEN,
37,ECG customer report - Abokobi,7,Fallen Conductor,3,2026-08-07T08:23:23.876296400,2026-08-07T21:23:23.876296400,OPEN,
38,ECG customer report - Tetteh Quarshie,8,Transformer Failure,3,2026-08-07T11:23:23.876296400,2026-08-07T15:23:23.876296400,OPEN,
39,ECG customer report - Computer Science,43,Fallen Conductor,4,2026-08-07T11:23:23.876296400,2026-08-07T19:23:23.876296400,OPEN,
40,ECG customer report - West Legon,37,Meter Fault,2,2026-08-05T13:23:23.876296400,2026-08-05T19:23:23.876296400,OPEN,
41,ECG customer report - School of Law,11,Transformer Failure,5,2026-08-04T10:23:23.876296400,2026-08-05T10:23:23.876296400,OPEN,
42,ECG customer report - Botanical Gardens,49,Meter Fault,3,2026-08-07T02:23:23.876296400,2026-08-08T02:23:23.876296400,OPEN,
43,ECG customer report - Balme Library,26,Transformer Failure,2,2026-08-04T04:23:23.876296400,2026-08-04T18:23:23.876296400,OPEN,
44,ECG customer report - Evandy Hostel,39,Transformer Failure,3,2026-08-06T13:23:23.876296400,2026-08-06T21:23:23.876296400,OPEN,
45,ECG customer report - Legon Hall,13,Meter Fault,3,2026-08-04T10:23:23.876296400,2026-08-04T19:23:23.876296400,OPEN,
46,ECG customer report - Dzorwulu,10,Transformer Failure,2,2026-08-09T11:23:23.876296400,2026-08-09T21:23:23.876296400,OPEN,
47,ECG customer report - Dome,34,Cable Burst,1,2026-08-08T23:23:23.876296400,2026-08-09T01:23:23.876296400,OPEN,
48,ECG customer report - School of Law,22,Cable Burst,5,2026-07-31T05:23:23.876296400,2026-07-31T15:23:23.876296400,OPEN,
16,ECG customer report - Commonwealth Hall,18,Meter Fault,5,2026-08-08T13:23:23.875298200,2026-08-08T16:23:23.875298200,ASSIGNED,Meter Team 09
10,ECG customer report - Mensah Sarbah Hall,4,Meter Fault,5,2026-08-09T05:23:23.875298200,2026-08-09T21:23:23.875298200,ASSIGNED,Meter Team 08
1,ECG customer report - Okponglo Junction,26,Meter Fault,3,2026-08-05T00:23:23.871291,2026-08-05T16:23:23.871291,ASSIGNED,Meter Team 01
6,ECG customer report - Bani Hostel,5,Cable Burst,5,2026-08-02T07:23:23.872288300,2026-08-02T13:23:23.872288300,ASSIGNED,Cable Truck 02
4,ECG customer report - Haatso,8,Transformer Failure,2,2026-08-09T02:23:23.871291,2026-08-09T23:23:23.871291,RESOLVED,Transformer Crew 03
5,ECG customer report - Botanical Gardens,47,Meter Fault,4,2026-08-09T00:23:23.872288300,2026-08-09T12:23:23.872288300,ASSIGNED,Meter Team 05
8,ECG customer report - Computer Science,44,Transformer Failure,5,2026-08-04T15:23:23.875298200,2026-08-05T05:23:23.875298200,RESOLVED,Transformer Crew 07
7,ECG customer report - College of Education,44,Fallen Conductor,1,2026-07-31T09:23:23.872288300,2026-08-01T06:23:23.872288300,RESOLVED,Cable Truck 06
49,ECG customer report - Legon Hall,48,Fallen Conductor,5,2026-08-08T23:23:23.876296400,2026-08-09T06:23:23.876296400,OPEN,
50,ECG customer report - Mensah Sarbah Hall,14,Meter Fault,3,2026-08-05T05:23:23.876296400,2026-08-05T12:23:23.876296400,OPEN,
51,ECG customer report - Volta Hall,17,Fallen Conductor,3,2026-08-05T02:23:23.876296400,2026-08-05T04:23:23.876296400,OPEN,
52,ECG customer report - West Legon,26,Meter Fault,5,2026-08-05T04:23:23.876296400,2026-08-05T10:23:23.876296400,OPEN,
53,ECG customer report - Haatso,0,Cable Burst,2,2026-08-08T05:23:23.876296400,2026-08-09T03:23:23.876296400,OPEN,
54,ECG customer report - A&C Mall,37,Transformer Failure,5,2026-08-05T15:23:23.876296400,2026-08-06T14:23:23.876296400,OPEN,
55,ECG customer report - Evandy Hostel,11,Fallen Conductor,4,2026-08-09T00:23:23.876296400,2026-08-09T22:23:23.876296400,OPEN,
56,ECG customer report - Ayawaso,36,Fallen Conductor,3,2026-08-06T00:23:23.876296400,2026-08-06T15:23:23.876296400,OPEN,
57,ECG customer report - Botanical Gardens,24,Fallen Conductor,5,2026-08-03T16:23:23.876296400,2026-08-04T17:23:23.876296400,OPEN,
58,ECG customer report - Bani Hostel,39,Cable Burst,5,2026-08-02T14:23:23.876296400,2026-08-03T08:23:23.876296400,OPEN,
59,ECG customer report - 37 Station,46,Meter Fault,5,2026-08-05T03:23:23.876296400,2026-08-05T08:23:23.876296400,OPEN,
60,ECG customer report - Computer Science,30,Fallen Conductor,3,2026-08-05T03:23:23.876296400,2026-08-05T07:23:23.876296400,OPEN,
61,ECG customer report - Pentagon Hostel,35,Cable Burst,2,2026-08-04T16:23:23.876296400,2026-08-04T23:23:23.876296400,OPEN,
62,ECG customer report - UG Stadium,16,Cable Burst,1,2026-07-30T20:23:23.876296400,2026-07-31T00:23:23.876296400,OPEN,
63,ECG customer report - American House,42,Fallen Conductor,4,2026-08-04T11:23:23.876296400,2026-08-05T00:23:23.876296400,OPEN,
64,ECG customer report - Accra Mall,44,Fallen Conductor,1,2026-07-31T08:23:23.876296400,2026-08-01T05:23:23.876296400,OPEN,
65,ECG customer report - Airport Residential,7,Fallen Conductor,3,2026-08-03T05:23:23.877289400,2026-08-04T06:23:23.877289400,OPEN,
66,ECG customer report - Volta Hall,32,Meter Fault,2,2026-08-01T16:23:23.877289400,2026-08-02T16:23:23.877289400,OPEN,
67,ECG customer report - 37 Station,25,Fallen Conductor,4,2026-08-05T22:23:23.877289400,2026-08-06T01:23:23.877289400,OPEN,
69,ECG customer report - School of Law,9,Cable Burst,5,2026-08-01T02:23:23.877289400,2026-08-02T03:23:23.877289400,OPEN,
70,ECG customer report - Volta Hall,21,Transformer Failure,1,2026-08-09T02:23:23.877289400,2026-08-09T09:23:23.877289400,OPEN,
71,ECG customer report - Tetteh Quarshie,13,Transformer Failure,4,2026-08-04T07:23:23.877289400,2026-08-04T12:23:23.877289400,OPEN,
72,ECG customer report - UG Stadium,10,Cable Burst,1,2026-08-05T07:23:23.877289400,2026-08-05T09:23:23.877289400,OPEN,
73,ECG customer report - Roman Ridge,31,Fallen Conductor,3,2026-08-08T19:23:23.877289400,2026-08-09T06:23:23.877289400,OPEN,
74,ECG customer report - Legon Hall,15,Meter Fault,4,2026-07-30T13:23:23.877289400,2026-07-30T22:23:23.877289400,OPEN,
75,ECG customer report - A&C Mall,4,Transformer Failure,3,2026-08-01T17:23:23.877289400,2026-08-01T23:23:23.877289400,OPEN,
76,ECG customer report - Bush Canteen,19,Fallen Conductor,5,2026-08-06T03:23:23.877289400,2026-08-07T03:23:23.877289400,OPEN,
77,ECG customer report - Noguchi Institute,21,Fallen Conductor,3,2026-08-06T17:23:23.877289400,2026-08-07T07:23:23.877289400,OPEN,
78,ECG customer report - West Legon,27,Transformer Failure,3,2026-08-08T13:23:23.877289400,2026-08-09T06:23:23.877289400,OPEN,
79,ECG customer report - Great Hall,43,Transformer Failure,3,2026-08-07T11:23:23.877289400,2026-08-08T03:23:23.877289400,OPEN,
80,ECG customer report - Volta Hall,24,Fallen Conductor,1,2026-08-01T17:23:23.877289400,2026-08-01T23:23:23.877289400,OPEN,
81,ECG customer report - Presec Legon,41,Fallen Conductor,5,2026-08-08T10:23:23.877289400,2026-08-09T04:23:23.877289400,OPEN,
82,ECG customer report - Volta Hall,15,Fallen Conductor,5,2026-08-04T00:23:23.877289400,2026-08-04T20:23:23.877289400,OPEN,
83,ECG customer report - Kwabenya,47,Fallen Conductor,3,2026-08-08T20:23:23.877289400,2026-08-09T14:23:23.877289400,OPEN,
84,ECG customer report - Bush Canteen,24,Meter Fault,1,2026-08-02T01:23:23.877289400,2026-08-02T14:23:23.877289400,OPEN,
85,ECG customer report - Commonwealth Hall,20,Meter Fault,1,2026-08-07T11:23:23.877289400,2026-08-07T13:23:23.877289400,OPEN,
86,ECG customer report - Roman Ridge,13,Meter Fault,1,2026-08-03T23:23:23.877289400,2026-08-04T16:23:23.877289400,OPEN,
87,ECG customer report - Dzorwulu,7,Transformer Failure,3,2026-08-07T14:23:23.877289400,2026-08-08T08:23:23.877289400,OPEN,
88,ECG customer report - Bani Hostel,27,Cable Burst,5,2026-08-03T16:23:23.877289400,2026-08-04T01:23:23.877289400,OPEN,
89,ECG customer report - East Legon,42,Fallen Conductor,5,2026-08-03T23:23:23.877289400,2026-08-04T02:23:23.877289400,OPEN,
90,ECG customer report - Ashaley Botwe,36,Transformer Failure,4,2026-08-04T04:23:23.877289400,2026-08-05T05:23:23.877289400,OPEN,
91,ECG customer report - Botanical Gardens,7,Fallen Conductor,4,2026-07-31T19:23:23.877289400,2026-07-31T22:23:23.877289400,OPEN,
92,ECG customer report - Pantang,24,Fallen Conductor,2,2026-07-31T09:23:23.877289400,2026-08-01T09:23:23.877289400,OPEN,
93,ECG customer report - East Legon,47,Transformer Failure,2,2026-07-30T23:23:23.877289400,2026-08-01T00:23:23.877289400,OPEN,
94,ECG customer report - Commonwealth Hall,2,Meter Fault,1,2026-07-31T10:23:23.877289400,2026-08-01T08:23:23.877289400,OPEN,
95,ECG customer report - Pantang,39,Fallen Conductor,3,2026-08-06T05:23:23.877289400,2026-08-06T12:23:23.877289400,OPEN,
96,ECG customer report - Airport Residential,30,Meter Fault,1,2026-07-30T22:23:23.877289400,2026-07-31T08:23:23.877289400,OPEN,
97,ECG customer report - Dzorwulu,36,Transformer Failure,2,2026-08-08T18:23:23.877289400,2026-08-09T01:23:23.877289400,OPEN,
98,ECG customer report - Botanical Gardens,2,Transformer Failure,1,2026-08-03T02:23:23.877289400,2026-08-03T08:23:23.877289400,OPEN,
99,ECG customer report - Tetteh Quarshie,39,Transformer Failure,4,2026-07-30T23:23:23.878290700,2026-07-31T11:23:23.878290700,OPEN,
100,ECG customer report - Night Market,32,Transformer Failure,4,2026-08-03T06:23:23.878290700,2026-08-03T15:23:23.878290700,OPEN,
101,ECG customer report - UG Basic School,40,Cable Burst,4,2026-08-07T12:23:23.878290700,2026-08-08T11:23:23.878290700,OPEN,
102,ECG customer report - UG Stadium,36,Fallen Conductor,5,2026-08-03T18:23:23.878290700,2026-08-04T02:23:23.878290700,OPEN,
103,ECG customer report - Accra Mall,2,Meter Fault,4,2026-07-31T23:23:23.878290700,2026-08-01T01:23:23.878290700,OPEN,
104,ECG customer report - A&C Mall,16,Meter Fault,1,2026-08-07T06:23:23.878290700,2026-08-07T15:23:23.878290700,OPEN,
105,ECG customer report - 37 Station,19,Cable Burst,5,2026-07-31T17:23:23.878290700,2026-07-31T21:23:23.878290700,OPEN,
106,ECG customer report - Volta Hall,11,Fallen Conductor,4,2026-07-30T22:23:23.878290700,2026-07-31T03:23:23.878290700,OPEN,
107,ECG customer report - Balme Library,31,Transformer Failure,1,2026-08-03T21:23:23.878290700,2026-08-03T23:23:23.878290700,OPEN,
108,ECG customer report - Noguchi Institute,40,Cable Burst,3,2026-08-01T09:23:23.878290700,2026-08-02T00:23:23.878290700,OPEN,
109,ECG customer report - Kwabenya,0,Transformer Failure,2,2026-08-03T08:23:23.878290700,2026-08-04T06:23:23.878290700,OPEN,
110,ECG customer report - American House,6,Transformer Failure,2,2026-08-02T08:23:23.878290700,2026-08-02T14:23:23.878290700,OPEN,
111,ECG customer report - Madina Station,20,Meter Fault,2,2026-08-01T10:23:23.878290700,2026-08-02T00:23:23.878290700,OPEN,
112,ECG customer report - Dzorwulu,30,Cable Burst,3,2026-08-02T10:23:23.878290700,2026-08-03T07:23:23.878290700,OPEN,
113,ECG customer report - Achimota Forest,11,Fallen Conductor,3,2026-08-01T02:23:23.878290700,2026-08-01T22:23:23.878290700,OPEN,
114,ECG customer report - UG Basic School,40,Transformer Failure,3,2026-08-07T02:23:23.878290700,2026-08-07T21:23:23.878290700,OPEN,
115,ECG customer report - Night Market,9,Meter Fault,4,2026-08-06T20:23:23.878290700,2026-08-07T10:23:23.878290700,OPEN,
116,ECG customer report - Mensah Sarbah Hall,35,Meter Fault,5,2026-08-07T14:23:23.878290700,2026-08-08T01:23:23.878290700,OPEN,
117,ECG customer report - Ayawaso,22,Transformer Failure,1,2026-08-02T02:23:23.878290700,2026-08-02T12:23:23.878290700,OPEN,
118,ECG customer report - School of Law,32,Cable Burst,4,2026-08-06T16:23:23.878290700,2026-08-07T09:23:23.878290700,OPEN,
119,ECG customer report - Ashaley Botwe,26,Transformer Failure,2,2026-08-03T06:23:23.878290700,2026-08-03T22:23:23.878290700,OPEN,
120,ECG customer report - Botanical Gardens,26,Meter Fault,5,2026-08-02T20:23:23.878290700,2026-08-03T02:23:23.878290700,OPEN,
121,ECG customer report - Bani Hostel,8,Cable Burst,3,2026-08-07T03:23:23.878290700,2026-08-07T22:23:23.878290700,OPEN,
122,ECG customer report - American House,24,Cable Burst,5,2026-08-05T16:23:23.878290700,2026-08-06T01:23:23.878290700,OPEN,
123,ECG customer report - Commonwealth Hall,49,Transformer Failure,1,2026-08-07T19:23:23.878290700,2026-08-08T08:23:23.878290700,OPEN,
124,ECG customer report - Presec Legon,23,Transformer Failure,2,2026-08-07T07:23:23.878290700,2026-08-07T18:23:23.878290700,OPEN,
125,ECG customer report - Kofi Annan ICT,8,Cable Burst,4,2026-08-06T23:23:23.878290700,2026-08-07T05:23:23.878290700,OPEN,
126,ECG customer report - Balme Library,3,Fallen Conductor,5,2026-08-01T03:23:23.878290700,2026-08-01T17:23:23.878290700,OPEN,
127,ECG customer report - Legon Main Gate,38,Cable Burst,2,2026-08-07T09:23:23.878290700,2026-08-07T19:23:23.878290700,OPEN,
128,ECG customer report - Volta Hall,11,Cable Burst,2,2026-08-08T00:23:23.878290700,2026-08-08T11:23:23.878290700,OPEN,
129,ECG customer report - Volta Hall,39,Cable Burst,2,2026-08-04T05:23:23.878290700,2026-08-04T09:23:23.878290700,OPEN,
130,ECG customer report - Balme Library,2,Meter Fault,4,2026-08-06T02:23:23.879292,2026-08-07T00:23:23.879292,OPEN,
131,ECG customer report - Noguchi Institute,24,Cable Burst,2,2026-07-31T07:23:23.879292,2026-08-01T02:23:23.879292,OPEN,
132,ECG customer report - Haatso,42,Fallen Conductor,1,2026-08-05T23:23:23.879292,2026-08-06T22:23:23.879292,OPEN,
133,ECG customer report - Abokobi,36,Transformer Failure,3,2026-08-08T00:23:23.879292,2026-08-08T07:23:23.879292,OPEN,
135,ECG customer report - 37 Station,38,Cable Burst,2,2026-08-06T17:23:23.879292,2026-08-07T01:23:23.879292,OPEN,
136,ECG customer report - Great Hall,26,Transformer Failure,1,2026-08-08T16:23:23.879292,2026-08-08T20:23:23.879292,OPEN,
137,ECG customer report - Pantang,19,Cable Burst,3,2026-08-08T03:23:23.879292,2026-08-08T15:23:23.879292,OPEN,
138,ECG customer report - Atomic Junction,29,Transformer Failure,5,2026-08-04T05:23:23.879292,2026-08-04T14:23:23.879292,OPEN,
139,ECG customer report - A&C Mall,33,Meter Fault,4,2026-08-03T08:23:23.879292,2026-08-03T10:23:23.879292,OPEN,
140,ECG customer report - Airport Residential,44,Transformer Failure,2,2026-08-06T23:23:23.879292,2026-08-07T21:23:23.879292,OPEN,
141,ECG customer report - Adenta,48,Cable Burst,3,2026-08-02T09:23:23.879292,2026-08-02T17:23:23.879292,OPEN,
142,ECG customer report - Legon Police,1,Fallen Conductor,2,2026-08-04T22:23:23.879292,2026-08-05T15:23:23.879292,OPEN,
143,ECG customer report - Airport Residential,23,Transformer Failure,1,2026-08-08T04:23:23.879292,2026-08-09T01:23:23.879292,OPEN,
144,ECG customer report - Volta Hall,9,Meter Fault,4,2026-08-08T06:23:23.879292,2026-08-08T22:23:23.879292,OPEN,
145,ECG customer report - Shiashie,24,Meter Fault,5,2026-08-03T15:23:23.879292,2026-08-04T03:23:23.879292,OPEN,
146,ECG customer report - UG Fire Station,1,Fallen Conductor,5,2026-08-01T17:23:23.879292,2026-08-02T12:23:23.879292,OPEN,
147,ECG customer report - School of Law,21,Meter Fault,1,2026-08-07T04:23:23.879292,2026-08-08T03:23:23.879292,OPEN,
148,ECG customer report - Evandy Hostel,34,Fallen Conductor,1,2026-08-07T19:23:23.879292,2026-08-08T12:23:23.879292,OPEN,
149,ECG customer report - A&C Mall,31,Cable Burst,1,2026-08-06T02:23:23.879292,2026-08-06T22:23:23.879292,OPEN,
150,ECG customer report - Bush Canteen,47,Transformer Failure,1,2026-08-03T03:23:23.879292,2026-08-04T01:23:23.879292,OPEN,
151,ECG customer report - Madina Station,16,Transformer Failure,5,2026-07-31T18:23:23.879292,2026-08-01T16:23:23.879292,OPEN,
152,ECG customer report - Accra Mall,43,Cable Burst,3,2026-08-08T04:23:23.879292,2026-08-08T10:23:23.879292,OPEN,
153,ECG customer report - Evandy Hostel,34,Transformer Failure,4,2026-08-09T05:23:23.879292,2026-08-09T15:23:23.879292,OPEN,
154,ECG customer report - Balme Library,32,Cable Burst,1,2026-07-31T09:23:23.879292,2026-08-01T03:23:23.879292,OPEN,
155,ECG customer report - UG Fire Station,32,Meter Fault,2,2026-08-09T09:23:23.879292,2026-08-09T21:23:23.879292,OPEN,
156,ECG customer report - Akuafo Hall,40,Cable Burst,3,2026-08-01T05:23:23.879292,2026-08-02T03:23:23.879292,OPEN,
157,ECG customer report - Legon Police,26,Fallen Conductor,5,2026-08-05T16:23:23.879292,2026-08-05T22:23:23.879292,OPEN,
158,ECG customer report - Airport Residential,33,Meter Fault,1,2026-08-02T13:23:23.879292,2026-08-02T17:23:23.879292,OPEN,
159,ECG customer report - Legon Police,8,Fallen Conductor,4,2026-08-07T08:23:23.879292,2026-08-07T13:23:23.879292,OPEN,
160,ECG customer report - Tetteh Quarshie,35,Meter Fault,5,2026-08-01T22:23:23.879292,2026-08-02T05:23:23.879292,OPEN,
161,ECG customer report - Balme Library,44,Meter Fault,2,2026-08-05T12:23:23.879292,2026-08-06T04:23:23.879292,OPEN,
162,ECG customer report - Achimota Forest,2,Cable Burst,3,2026-07-31T00:23:23.879292,2026-07-31T23:23:23.879292,OPEN,
163,ECG customer report - Great Hall,38,Meter Fault,5,2026-08-06T06:23:23.879292,2026-08-07T04:23:23.879292,OPEN,
164,ECG customer report - Okponglo Junction,41,Transformer Failure,2,2026-08-01T23:23:23.879292,2026-08-02T12:23:23.879292,OPEN,
165,ECG customer report - Pentagon Hostel,13,Meter Fault,4,2026-07-30T20:23:23.879292,2026-07-30T23:23:23.879292,OPEN,
166,ECG customer report - Kwabenya,41,Transformer Failure,4,2026-07-31T08:23:23.879292,2026-08-01T03:23:23.879292,OPEN,
167,ECG customer report - Ashaley Botwe,25,Cable Burst,5,2026-08-04T22:23:23.879292,2026-08-05T20:23:23.879292,OPEN,
168,ECG customer report - Adenta Barrier,37,Cable Burst,4,2026-08-04T22:23:23.879292,2026-08-05T00:23:23.879292,OPEN,
169,ECG customer report - University Hospital,15,Transformer Failure,1,2026-07-30T19:23:23.879292,2026-07-31T13:23:23.879292,OPEN,
170,ECG customer report - Pantang,2,Cable Burst,2,2026-08-03T17:23:23.879292,2026-08-04T01:23:23.879292,OPEN,
171,ECG customer report - College of Education,32,Fallen Conductor,4,2026-07-31T18:23:23.879292,2026-08-01T09:23:23.879292,OPEN,
172,ECG customer report - Ashaley Botwe,43,Cable Burst,3,2026-08-02T05:23:23.879292,2026-08-02T10:23:23.879292,OPEN,
173,ECG customer report - 37 Station,9,Fallen Conductor,3,2026-08-06T10:23:23.880317300,2026-08-07T07:23:23.880317300,OPEN,
174,ECG customer report - West Legon,10,Fallen Conductor,5,2026-08-06T05:23:23.880317300,2026-08-06T23:23:23.880317300,OPEN,
175,ECG customer report - American House,23,Meter Fault,2,2026-08-03T01:23:23.880317300,2026-08-03T22:23:23.880317300,OPEN,
176,ECG customer report - Bush Canteen,26,Transformer Failure,1,2026-08-01T05:23:23.880317300,2026-08-01T11:23:23.880317300,OPEN,
177,ECG customer report - Roman Ridge,15,Meter Fault,5,2026-08-01T08:23:23.880317300,2026-08-01T11:23:23.880317300,OPEN,
178,ECG customer report - Ashaley Botwe,45,Meter Fault,2,2026-08-01T22:23:23.880317300,2026-08-02T03:23:23.880317300,OPEN,
179,ECG customer report - Evandy Hostel,43,Meter Fault,3,2026-08-01T02:23:23.880317300,2026-08-01T06:23:23.880317300,OPEN,
180,ECG customer report - Botanical Gardens,17,Fallen Conductor,2,2026-08-05T08:23:23.880317300,2026-08-05T14:23:23.880317300,OPEN,
181,ECG customer report - Mensah Sarbah Hall,4,Cable Burst,3,2026-08-02T02:23:23.880317300,2026-08-02T18:23:23.880317300,OPEN,
182,ECG customer report - University Hospital,16,Fallen Conductor,3,2026-08-08T00:23:23.880317300,2026-08-08T17:23:23.880317300,OPEN,
183,ECG customer report - American House,21,Fallen Conductor,3,2026-08-08T16:23:23.880317300,2026-08-09T13:23:23.880317300,OPEN,
184,ECG customer report - Airport Residential,43,Meter Fault,5,2026-08-03T16:23:23.880317300,2026-08-04T10:23:23.880317300,OPEN,
185,ECG customer report - Balme Library,6,Meter Fault,4,2026-08-06T18:23:23.880317300,2026-08-07T10:23:23.880317300,OPEN,
186,ECG customer report - Kwabenya,4,Cable Burst,5,2026-08-04T08:23:23.880317300,2026-08-04T22:23:23.880317300,OPEN,
187,ECG customer report - Shiashie,42,Fallen Conductor,1,2026-08-04T22:23:23.880317300,2026-08-05T14:23:23.880317300,OPEN,
188,ECG customer report - Great Hall,12,Cable Burst,4,2026-08-06T02:23:23.880317300,2026-08-07T02:23:23.880317300,OPEN,
189,ECG customer report - Commonwealth Hall,41,Cable Burst,4,2026-08-01T10:23:23.880317300,2026-08-02T02:23:23.880317300,OPEN,
190,ECG customer report - Ayawaso,28,Cable Burst,4,2026-08-03T10:23:23.880317300,2026-08-03T17:23:23.880317300,OPEN,
191,ECG customer report - Ayawaso,16,Cable Burst,2,2026-08-04T02:23:23.880317300,2026-08-04T11:23:23.880317300,OPEN,
192,ECG customer report - UG Basic School,34,Fallen Conductor,4,2026-08-05T00:23:23.880317300,2026-08-05T23:23:23.880317300,OPEN,
193,ECG customer report - Tetteh Quarshie,19,Meter Fault,5,2026-07-31T00:23:23.880317300,2026-07-31T02:23:23.880317300,OPEN,
194,ECG customer report - UG Stadium,49,Transformer Failure,1,2026-08-01T12:23:23.880317300,2026-08-02T06:23:23.880317300,OPEN,
195,ECG customer report - Commonwealth Hall,15,Fallen Conductor,5,2026-08-01T20:23:23.880317300,2026-08-02T18:23:23.880317300,OPEN,
196,ECG customer report - Achimota Forest,17,Meter Fault,2,2026-08-09T08:23:23.880317300,2026-08-09T10:23:23.880317300,OPEN,
197,ECG customer report - Great Hall,12,Fallen Conductor,5,2026-08-05T01:23:23.880317300,2026-08-05T09:23:23.880317300,OPEN,
198,ECG customer report - Legon Main Gate,16,Fallen Conductor,1,2026-08-06T06:23:23.880317300,2026-08-07T02:23:23.880317300,OPEN,
199,ECG customer report - Presec Legon,45,Meter Fault,3,2026-07-31T22:23:23.880317300,2026-08-01T19:23:23.880317300,OPEN,
200,ECG customer report - UG Basic School,37,Meter Fault,1,2026-08-01T07:23:23.880317300,2026-08-02T03:23:23.880317300,OPEN,
201,ECG customer report - Madina Station,23,Cable Burst,4,2026-08-02T23:23:23.881301900,2026-08-03T22:23:23.881301900,OPEN,
202,ECG customer report - Madina Station,12,Transformer Failure,1,2026-08-08T11:23:23.881301900,2026-08-09T11:23:23.881301900,OPEN,
203,ECG customer report - Kofi Annan ICT,0,Transformer Failure,2,2026-08-05T10:23:23.881301900,2026-08-05T19:23:23.881301900,OPEN,
204,ECG customer report - A&C Mall,32,Cable Burst,2,2026-08-08T10:23:23.881301900,2026-08-08T21:23:23.881301900,OPEN,
205,ECG customer report - Dome,36,Fallen Conductor,5,2026-08-04T04:23:23.881301900,2026-08-05T00:23:23.881301900,OPEN,
206,ECG customer report - Botanical Gardens,23,Meter Fault,2,2026-08-04T23:23:23.881301900,2026-08-05T07:23:23.881301900,OPEN,
207,ECG customer report - Madina Station,40,Fallen Conductor,1,2026-07-31T01:23:23.881301900,2026-07-31T22:23:23.881301900,OPEN,
208,ECG customer report - Abokobi,34,Transformer Failure,2,2026-08-09T09:23:23.881301900,2026-08-10T09:23:23.881301900,OPEN,
209,ECG customer report - Legon Hall,16,Meter Fault,2,2026-07-31T07:23:23.881301900,2026-08-01T00:23:23.881301900,OPEN,
210,ECG customer report - Madina Station,28,Cable Burst,2,2026-08-01T16:23:23.881673800,2026-08-02T17:23:23.881673800,OPEN,
211,ECG customer report - Evandy Hostel,44,Cable Burst,3,2026-07-30T23:23:23.881673800,2026-07-31T21:23:23.881673800,OPEN,
212,ECG customer report - Legon Hall,22,Meter Fault,2,2026-08-07T12:23:23.881673800,2026-08-08T07:23:23.881673800,OPEN,
213,ECG customer report - Haatso,43,Transformer Failure,5,2026-08-05T12:23:23.881673800,2026-08-05T19:23:23.881673800,OPEN,
214,ECG customer report - Pentagon Hostel,11,Fallen Conductor,5,2026-08-05T23:23:23.881673800,2026-08-07T00:23:23.881673800,OPEN,
215,ECG customer report - Ashaley Botwe,36,Transformer Failure,1,2026-08-08T10:23:23.881673800,2026-08-08T22:23:23.881673800,OPEN,
216,ECG customer report - American House,0,Meter Fault,1,2026-08-04T16:23:23.881673800,2026-08-04T18:23:23.881673800,OPEN,
217,ECG customer report - Haatso,44,Meter Fault,1,2026-08-05T21:23:23.881673800,2026-08-06T01:23:23.881673800,OPEN,
218,ECG customer report - Pantang,0,Meter Fault,1,2026-08-08T22:23:23.881673800,2026-08-09T09:23:23.881673800,OPEN,
219,ECG customer report - Adenta,13,Cable Burst,1,2026-08-01T18:23:23.881673800,2026-08-02T10:23:23.881673800,OPEN,
220,ECG customer report - Pentagon Hostel,23,Cable Burst,4,2026-08-09T08:23:23.881673800,2026-08-09T10:23:23.881673800,OPEN,
221,ECG customer report - Balme Library,12,Fallen Conductor,5,2026-08-08T21:23:23.881673800,2026-08-09T18:23:23.881673800,OPEN,
222,ECG customer report - Okponglo Junction,27,Meter Fault,3,2026-08-07T16:23:23.881673800,2026-08-08T16:23:23.881673800,OPEN,
223,ECG customer report - Ayawaso,12,Transformer Failure,5,2026-08-06T07:23:23.881673800,2026-08-06T12:23:23.881673800,OPEN,
224,ECG customer report - Night Market,34,Cable Burst,1,2026-08-07T22:23:23.882290900,2026-08-08T01:23:23.882290900,OPEN,
225,ECG customer report - Ayawaso,30,Transformer Failure,2,2026-08-05T01:23:23.882290900,2026-08-05T20:23:23.882290900,OPEN,
226,ECG customer report - Commonwealth Hall,8,Cable Burst,2,2026-07-31T14:23:23.882290900,2026-08-01T12:23:23.882290900,OPEN,
227,ECG customer report - Achimota Forest,24,Meter Fault,3,2026-08-07T00:23:23.882290900,2026-08-07T02:23:23.882290900,OPEN,
228,ECG customer report - Airport Residential,14,Fallen Conductor,1,2026-08-09T08:23:23.882290900,2026-08-09T15:23:23.882290900,OPEN,
229,ECG customer report - Computer Science,11,Meter Fault,1,2026-08-03T15:23:23.882290900,2026-08-04T00:23:23.882290900,OPEN,
230,ECG customer report - School of Law,2,Meter Fault,4,2026-08-07T06:23:23.882290900,2026-08-08T02:23:23.882290900,OPEN,
231,ECG customer report - Nungua Barrier,37,Fallen Conductor,1,2026-08-08T16:23:23.882290900,2026-08-09T13:23:23.882290900,OPEN,
232,ECG customer report - West Legon,29,Transformer Failure,4,2026-08-05T05:23:23.882290900,2026-08-05T07:23:23.882290900,OPEN,
233,ECG customer report - Okponglo Junction,27,Transformer Failure,3,2026-08-05T01:23:23.882290900,2026-08-05T04:23:23.882290900,OPEN,
234,ECG customer report - Balme Library,18,Meter Fault,4,2026-08-04T12:23:23.882290900,2026-08-05T06:23:23.882290900,OPEN,
235,ECG customer report - Pentagon Hostel,16,Fallen Conductor,1,2026-08-01T09:23:23.882290900,2026-08-01T17:23:23.882290900,OPEN,
236,ECG customer report - Abokobi,15,Fallen Conductor,4,2026-07-30T16:23:23.882290900,2026-07-31T17:23:23.882290900,OPEN,
237,ECG customer report - Akuafo Hall,23,Transformer Failure,5,2026-08-05T15:23:23.882290900,2026-08-05T22:23:23.882290900,OPEN,
238,ECG customer report - Bani Hostel,9,Fallen Conductor,4,2026-08-06T10:23:23.882290900,2026-08-06T22:23:23.882290900,OPEN,
239,ECG customer report - Tetteh Quarshie,47,Meter Fault,3,2026-08-01T03:23:23.882290900,2026-08-02T01:23:23.882290900,OPEN,
240,ECG customer report - Atomic Junction,38,Transformer Failure,3,2026-08-08T17:23:23.882290900,2026-08-09T06:23:23.882290900,OPEN,
241,ECG customer report - Legon Hall,22,Meter Fault,4,2026-08-04T10:23:23.882290900,2026-08-05T07:23:23.882290900,OPEN,
242,ECG customer report - Dome,30,Transformer Failure,5,2026-08-01T17:23:23.882290900,2026-08-01T23:23:23.882290900,OPEN,
243,ECG customer report - Haatso,0,Fallen Conductor,1,2026-08-04T11:23:23.882290900,2026-08-04T16:23:23.882290900,OPEN,
244,ECG customer report - A&C Mall,7,Meter Fault,4,2026-07-31T08:23:23.882290900,2026-07-31T16:23:23.882290900,OPEN,
245,ECG customer report - Volta Hall,2,Meter Fault,1,2026-08-02T22:23:23.882290900,2026-08-03T15:23:23.882290900,OPEN,
246,ECG customer report - Pentagon Hostel,49,Fallen Conductor,1,2026-08-01T15:23:23.882290900,2026-08-02T06:23:23.882290900,OPEN,
247,ECG customer report - Abokobi,33,Transformer Failure,3,2026-08-03T22:23:23.882290900,2026-08-04T10:23:23.882290900,OPEN,
248,ECG customer report - Nungua Barrier,44,Meter Fault,2,2026-08-02T11:23:23.882290900,2026-08-03T01:23:23.882290900,OPEN,
249,ECG customer report - Atomic Junction,36,Transformer Failure,1,2026-08-07T05:23:23.882290900,2026-08-07T20:23:23.882290900,OPEN,
250,ECG customer report - Achimota Forest,37,Cable Burst,1,2026-08-06T01:23:23.882290900,2026-08-06T10:23:23.882290900,OPEN,
251,ECG customer report - 37 Station,24,Cable Burst,2,2026-08-02T13:23:23.882290900,2026-08-03T02:23:23.882290900,OPEN,
252,ECG customer report - Ayawaso,39,Transformer Failure,4,2026-08-02T05:23:23.882290900,2026-08-03T01:23:23.882290900,OPEN,
253,ECG customer report - Commonwealth Hall,1,Fallen Conductor,5,2026-08-03T08:23:23.882290900,2026-08-03T13:23:23.882290900,OPEN,
254,ECG customer report - Dzorwulu,32,Transformer Failure,3,2026-08-05T08:23:23.882290900,2026-08-06T07:23:23.882290900,OPEN,
255,ECG customer report - Madina Station,47,Fallen Conductor,5,2026-08-09T07:23:23.883288200,2026-08-10T01:23:23.883288200,OPEN,
256,ECG customer report - Shiashie,19,Fallen Conductor,4,2026-07-30T23:23:23.883288200,2026-07-31T17:23:23.883288200,OPEN,
257,ECG customer report - Botanical Gardens,35,Meter Fault,1,2026-08-07T07:23:23.883288200,2026-08-08T02:23:23.883288200,OPEN,
259,ECG customer report - Accra Mall,36,Transformer Failure,1,2026-08-03T20:23:23.883288200,2026-08-04T07:23:23.883288200,OPEN,
260,ECG customer report - Ashaley Botwe,20,Transformer Failure,2,2026-08-02T01:23:23.883288200,2026-08-02T20:23:23.883288200,OPEN,
261,ECG customer report - Commonwealth Hall,36,Meter Fault,3,2026-07-31T05:23:23.883288200,2026-07-31T09:23:23.883288200,OPEN,
262,ECG customer report - UG Fire Station,34,Transformer Failure,2,2026-08-05T23:23:23.883288200,2026-08-07T00:23:23.883288200,OPEN,
263,ECG customer report - Pentagon Hostel,21,Transformer Failure,1,2026-08-02T22:23:23.883288200,2026-08-03T03:23:23.883288200,OPEN,
264,ECG customer report - Legon Police,34,Transformer Failure,1,2026-08-05T07:23:23.883288200,2026-08-05T10:23:23.883288200,OPEN,
265,ECG customer report - School of Law,1,Cable Burst,4,2026-08-01T07:23:23.883288200,2026-08-02T04:23:23.883288200,OPEN,
266,ECG customer report - Haatso,28,Meter Fault,4,2026-08-03T02:23:23.883288200,2026-08-03T15:23:23.883288200,OPEN,
268,ECG customer report - Night Market,14,Meter Fault,1,2026-08-02T13:23:23.883288200,2026-08-02T19:23:23.883288200,OPEN,
269,ECG customer report - Great Hall,14,Meter Fault,1,2026-08-01T11:23:23.883288200,2026-08-02T06:23:23.883288200,OPEN,
270,ECG customer report - Nungua Barrier,34,Transformer Failure,4,2026-08-06T15:23:23.883288200,2026-08-07T12:23:23.883288200,OPEN,
271,ECG customer report - UG Stadium,31,Fallen Conductor,5,2026-08-03T16:23:23.883288200,2026-08-03T23:23:23.883288200,OPEN,
272,ECG customer report - Volta Hall,6,Fallen Conductor,5,2026-08-03T04:23:23.883288200,2026-08-03T18:23:23.883288200,OPEN,
273,ECG customer report - UG Basic School,35,Transformer Failure,1,2026-08-05T03:23:23.883288200,2026-08-05T11:23:23.883288200,OPEN,
274,ECG customer report - Bush Canteen,11,Fallen Conductor,5,2026-08-04T00:23:23.883288200,2026-08-04T13:23:23.883288200,OPEN,
275,ECG customer report - Commonwealth Hall,35,Transformer Failure,2,2026-08-04T14:23:23.883288200,2026-08-05T14:23:23.883288200,OPEN,
276,ECG customer report - Legon Main Gate,4,Meter Fault,2,2026-07-31T13:23:23.883288200,2026-07-31T18:23:23.883288200,OPEN,
277,ECG customer report - West Legon,17,Fallen Conductor,2,2026-08-07T01:23:23.883288200,2026-08-07T15:23:23.883288200,OPEN,
278,ECG customer report - Legon Main Gate,21,Transformer Failure,3,2026-07-31T10:23:23.883288200,2026-07-31T21:23:23.883288200,OPEN,
279,ECG customer report - Ashaley Botwe,8,Transformer Failure,5,2026-08-07T21:23:23.883288200,2026-08-08T09:23:23.883288200,OPEN,
280,ECG customer report - Dome,49,Fallen Conductor,1,2026-07-30T19:23:23.883288200,2026-07-31T16:23:23.883288200,OPEN,
281,ECG customer report - Bush Canteen,25,Meter Fault,5,2026-08-06T02:23:23.883288200,2026-08-07T02:23:23.883288200,OPEN,
282,ECG customer report - Kwabenya,15,Fallen Conductor,3,2026-08-07T18:23:23.883288200,2026-08-07T20:23:23.883288200,OPEN,
283,ECG customer report - Achimota Forest,41,Transformer Failure,1,2026-08-02T14:23:23.883288200,2026-08-02T20:23:23.883288200,OPEN,
284,ECG customer report - 37 Station,16,Transformer Failure,5,2026-08-04T02:23:23.883288200,2026-08-04T07:23:23.883288200,OPEN,
285,ECG customer report - Shiashie,32,Cable Burst,5,2026-08-03T13:23:23.883288200,2026-08-04T04:23:23.883288200,OPEN,
286,ECG customer report - Botanical Gardens,31,Transformer Failure,1,2026-08-01T18:23:23.883288200,2026-08-01T21:23:23.883288200,OPEN,
267,ECG customer report - Ashaley Botwe,36,Meter Fault,5,2026-08-07T08:23:23.883288200,2026-08-07T11:23:23.883288200,ASSIGNED,Meter Team 02
287,ECG customer report - Computer Science,19,Cable Burst,2,2026-08-06T10:23:23.884310300,2026-08-07T10:23:23.884310300,OPEN,
288,ECG customer report - Atomic Junction,6,Fallen Conductor,2,2026-08-01T05:23:23.884310300,2026-08-01T18:23:23.884310300,OPEN,
289,ECG customer report - Noguchi Institute,7,Cable Burst,5,2026-07-31T02:23:23.884310300,2026-07-31T19:23:23.884310300,OPEN,
290,ECG customer report - American House,36,Transformer Failure,2,2026-08-04T03:23:23.884310300,2026-08-04T07:23:23.884310300,OPEN,
291,ECG customer report - College of Education,45,Cable Burst,3,2026-08-07T14:23:23.884310300,2026-08-07T22:23:23.884310300,OPEN,
292,ECG customer report - Botanical Gardens,26,Meter Fault,2,2026-07-31T01:23:23.884310300,2026-07-31T17:23:23.884310300,OPEN,
293,ECG customer report - Commonwealth Hall,1,Transformer Failure,1,2026-08-01T13:23:23.884310300,2026-08-01T15:23:23.884310300,OPEN,
294,ECG customer report - Achimota Forest,34,Meter Fault,4,2026-08-02T11:23:23.884310300,2026-08-02T14:23:23.884310300,OPEN,
295,ECG customer report - Achimota Forest,3,Transformer Failure,1,2026-08-01T15:23:23.884310300,2026-08-02T13:23:23.884310300,OPEN,
296,ECG customer report - 37 Station,31,Meter Fault,1,2026-07-31T04:23:23.884310300,2026-07-31T12:23:23.884310300,OPEN,
297,ECG customer report - Ayawaso,20,Meter Fault,1,2026-08-06T10:23:23.884310300,2026-08-07T08:23:23.884310300,OPEN,
298,ECG customer report - Dome,20,Meter Fault,4,2026-08-06T06:23:23.884310300,2026-08-06T08:23:23.884310300,OPEN,
299,ECG customer report - Bush Canteen,32,Transformer Failure,1,2026-08-03T21:23:23.884310300,2026-08-04T15:23:23.884310300,OPEN,
300,ECG customer report - Great Hall,3,Transformer Failure,4,2026-07-30T18:23:23.884310300,2026-07-30T22:23:23.884310300,OPEN,
3,ECG customer report - Ayawaso,21,Meter Fault,1,2026-08-06T00:23:23.871291,2026-08-06T13:23:23.871291,RESOLVED,Meter Team 04
2,ECG customer report - University Hospital,38,Meter Fault,1,2026-08-02T05:23:23.871291,2026-08-02T07:23:23.871291,ASSIGNED,Meter Team 04
68,ECG customer report - Nungua Barrier,1,Fallen Conductor,5,2026-08-01T21:23:23.877289400,2026-08-02T15:23:23.877289400,ASSIGNED,Cable Truck 10
134,ECG customer report - Ashaley Botwe,5,Fallen Conductor,5,2026-07-31T04:23:23.879292,2026-07-31T19:23:23.879292,ASSIGNED,Cable Truck 06
258,ECG customer report - West Legon,9,Transformer Failure,5,2026-07-31T14:23:23.883288200,2026-08-01T02:23:23.883288200,ASSIGNED,Transformer Crew 03
